Date,Price ($),Wallets in Profit,Total Wallets,% In Profit
2025-07-10 18:06,1.0003,0,240,0.00
2025-07-10 18:07,1.0003,0,240,0.00
2025-07-10 18:08,1.0003,0,240,0.00
2025-07-10 18:09,1.0003,0,240,0.00
2025-07-10 18:10,1.0003,0,240,0.00
2025-07-10 18:11,1.0003,0,240,0.00
2025-07-10 18:12,1.0004,0,240,0.00
2025-07-10 18:13,1.0004,0,240,0.00
2025-07-10 18:14,1.0004,0,240,0.00
2025-07-10 18:15,1.0004,0,240,0.00
2025-07-10 18:16,1.0004,0,240,0.00
2025-07-10 18:17,1.0004,0,240,0.00
2025-07-10 18:18,1.0003,0,240,0.00
2025-07-10 18:19,1.0003,0,240,0.00
2025-07-10 18:20,1.0004,0,240,0.00
2025-07-10 18:21,1.0003,0,240,0.00
2025-07-10 18:22,1.0004,0,240,0.00
2025-07-10 18:23,1.0004,0,240,0.00
2025-07-10 18:24,1.0005,0,240,0.00
2025-07-10 18:25,1.0003,0,240,0.00
2025-07-10 18:26,1.0003,0,240,0.00
2025-07-10 18:27,1.0004,0,240,0.00
2025-07-10 18:28,1.0003,0,240,0.00
2025-07-10 18:29,1.0004,0,240,0.00
2025-07-10 18:30,1.0005,0,240,0.00
2025-07-10 18:31,1.0003,0,240,0.00
2025-07-10 18:32,1.0003,0,240,0.00
2025-07-10 18:33,1.0004,0,240,0.00
2025-07-10 18:34,1.0005,0,240,0.00
2025-07-10 18:35,1.0005,0,240,0.00
2025-07-10 18:36,1.0003,0,240,0.00
2025-07-10 18:37,1.0005,0,240,0.00
2025-07-10 18:38,1.0003,0,240,0.00
2025-07-10 18:39,1.0004,0,240,0.00
2025-07-10 18:40,1.0003,0,240,0.00
2025-07-10 18:41,1.0004,0,240,0.00
2025-07-10 18:42,1.0003,0,240,0.00
2025-07-10 18:43,1.0004,0,240,0.00
2025-07-10 18:44,1.0004,0,240,0.00
2025-07-10 18:45,1.0004,0,240,0.00
2025-07-10 18:46,1.0004,0,240,0.00
2025-07-10 18:47,1.0003,0,240,0.00
2025-07-10 18:48,1.0004,0,240,0.00
2025-07-10 18:49,1.0004,0,240,0.00
2025-07-10 18:50,1.0004,0,240,0.00
2025-07-10 18:51,1.0004,0,240,0.00
2025-07-10 18:52,1.0004,0,240,0.00
2025-07-10 18:53,1.0004,0,240,0.00
2025-07-10 18:54,1.0005,0,240,0.00
2025-07-10 18:55,1.0005,0,240,0.00
2025-07-10 18:56,1.0004,0,240,0.00
2025-07-10 18:57,1.0005,0,240,0.00
2025-07-10 18:58,1.0005,0,240,0.00
2025-07-10 18:59,1.0004,0,240,0.00
2025-07-10 19:00,1.0003,0,240,0.00
2025-07-10 19:01,1.0004,0,240,0.00
2025-07-10 19:02,1.0004,0,240,0.00
2025-07-10 19:03,1.0004,0,240,0.00
2025-07-10 19:04,1.0003,0,240,0.00
2025-07-10 19:05,1.0004,0,240,0.00
2025-07-10 19:06,1.0004,0,240,0.00
2025-07-10 19:07,1.0004,0,240,0.00
2025-07-10 19:08,1.0004,0,240,0.00
2025-07-10 19:09,1.0004,0,240,0.00
2025-07-10 19:10,1.0004,0,240,0.00
2025-07-10 19:11,1.0004,0,240,0.00
2025-07-10 19:12,1.0004,0,240,0.00
2025-07-10 19:13,1.0005,0,240,0.00
2025-07-10 19:14,1.0004,0,240,0.00
2025-07-10 19:15,1.0004,0,240,0.00
2025-07-10 19:16,1.0004,0,240,0.00
2025-07-10 19:17,1.0004,0,240,0.00
2025-07-10 19:18,1.0005,0,240,0.00
2025-07-10 19:19,1.0004,0,240,0.00
2025-07-10 19:20,1.0004,0,240,0.00
2025-07-10 19:21,1.0005,0,240,0.00
2025-07-10 19:22,1.0005,0,240,0.00
2025-07-10 19:23,1.0005,0,240,0.00
2025-07-10 19:24,1.0004,0,240,0.00
2025-07-10 19:25,1.0003,0,240,0.00
2025-07-10 19:26,1.0004,0,240,0.00
2025-07-10 19:27,1.0004,0,240,0.00
2025-07-10 19:28,1.0004,0,240,0.00
2025-07-10 19:29,1.0004,0,240,0.00
2025-07-10 19:30,1.0005,0,240,0.00
2025-07-10 19:31,1.0004,0,240,0.00
2025-07-10 19:32,1.0004,0,240,0.00
2025-07-10 19:33,1.0004,0,240,0.00
2025-07-10 19:34,1.0004,0,240,0.00
2025-07-10 19:35,1.0005,0,240,0.00
2025-07-10 19:36,1.0005,0,240,0.00
2025-07-10 19:37,1.0005,0,240,0.00
2025-07-10 19:38,1.0005,0,240,0.00
2025-07-10 19:39,1.0004,0,240,0.00
2025-07-10 19:40,1.0004,0,240,0.00
2025-07-10 19:41,1.0004,0,240,0.00
2025-07-10 19:42,1.0004,0,240,0.00
2025-07-10 19:43,1.0004,0,240,0.00
2025-07-10 19:44,1.0005,0,240,0.00
2025-07-10 19:45,1.0004,0,240,0.00
2025-07-10 19:46,1.0004,0,240,0.00
2025-07-10 19:47,1.0004,0,240,0.00
2025-07-10 19:48,1.0004,0,240,0.00
2025-07-10 19:49,1.0004,0,240,0.00
2025-07-10 19:50,1.0004,0,240,0.00
2025-07-10 19:51,1.0004,0,240,0.00
2025-07-10 19:52,1.0004,0,240,0.00
2025-07-10 19:53,1.0004,0,240,0.00
2025-07-10 19:54,1.0004,0,240,0.00
2025-07-10 19:55,1.0004,0,240,0.00
2025-07-10 19:56,1.0004,0,240,0.00
2025-07-10 19:57,1.0003,0,240,0.00
2025-07-10 19:58,1.0005,0,240,0.00
2025-07-10 19:59,1.0005,0,240,0.00
2025-07-10 20:00,1.0004,0,240,0.00
2025-07-10 20:01,1.0004,0,240,0.00
2025-07-10 20:02,1.0005,0,240,0.00
2025-07-10 20:03,1.0003,0,240,0.00
2025-07-10 20:04,1.0004,0,240,0.00
2025-07-10 20:05,1.0003,0,240,0.00
2025-07-10 20:06,1.0004,0,240,0.00
2025-07-10 20:07,1.0005,0,240,0.00
2025-07-10 20:08,1.0004,0,240,0.00
2025-07-10 20:09,1.0004,0,240,0.00
2025-07-10 20:10,1.0004,0,240,0.00
2025-07-10 20:11,1.0004,0,240,0.00
2025-07-10 20:12,1.0005,0,240,0.00
2025-07-10 20:13,1.0005,0,240,0.00
2025-07-10 20:14,1.0005,0,240,0.00
2025-07-10 20:15,1.0005,0,240,0.00
2025-07-10 20:16,1.0005,0,240,0.00
2025-07-10 20:17,1.0006,0,240,0.00
2025-07-10 20:18,1.0005,0,240,0.00
2025-07-10 20:19,1.0005,0,240,0.00
2025-07-10 20:20,1.0005,0,240,0.00
2025-07-10 20:21,1.0005,0,240,0.00
2025-07-10 20:22,1.0005,0,240,0.00
2025-07-10 20:23,1.0005,0,240,0.00
2025-07-10 20:24,1.0005,0,240,0.00
2025-07-10 20:25,1.0005,0,240,0.00
2025-07-10 20:26,1.0005,0,240,0.00
2025-07-10 20:27,1.0005,0,240,0.00
2025-07-10 20:28,1.0005,0,240,0.00
2025-07-10 20:29,1.0006,0,240,0.00
2025-07-10 20:30,1.0007,0,240,0.00
2025-07-10 20:31,1.0006,0,240,0.00
2025-07-10 20:32,1.0005,0,240,0.00
2025-07-10 20:33,1.0007,0,240,0.00
2025-07-10 20:34,1.0006,0,240,0.00
2025-07-10 20:35,1.0005,0,240,0.00
2025-07-10 20:36,1.0005,0,240,0.00
2025-07-10 20:37,1.0006,0,240,0.00
2025-07-10 20:38,1.0005,0,240,0.00
2025-07-10 20:39,1.0004,0,240,0.00
2025-07-10 20:40,1.0004,0,240,0.00
2025-07-10 20:41,1.0004,0,240,0.00
2025-07-10 20:42,1.0005,0,240,0.00
2025-07-10 20:43,1.0004,0,240,0.00
2025-07-10 20:44,1.0004,0,240,0.00
2025-07-10 20:45,1.0004,0,240,0.00
2025-07-10 20:46,1.0005,0,240,0.00
2025-07-10 20:47,1.0006,0,240,0.00
2025-07-10 20:48,1.0005,0,240,0.00
2025-07-10 20:49,1.0005,0,240,0.00
2025-07-10 20:50,1.0005,0,240,0.00
2025-07-10 20:51,1.0005,0,240,0.00
2025-07-10 20:52,1.0004,0,240,0.00
2025-07-10 20:53,1.0004,0,240,0.00
2025-07-10 20:54,1.0004,0,240,0.00
2025-07-10 20:55,1.0003,0,240,0.00
2025-07-10 20:56,1.0004,0,240,0.00
2025-07-10 20:57,1.0004,0,240,0.00
2025-07-10 20:58,1.0004,0,240,0.00
2025-07-10 20:59,1.0004,0,240,0.00
2025-07-10 21:00,1.0004,0,240,0.00
2025-07-10 21:01,1.0004,0,240,0.00
2025-07-10 21:02,1.0004,0,240,0.00
2025-07-10 21:03,1.0004,0,240,0.00
2025-07-10 21:04,1.0004,0,240,0.00
2025-07-10 21:05,1.0004,0,240,0.00
2025-07-10 21:06,1.0004,0,240,0.00
2025-07-10 21:07,1.0004,0,240,0.00
2025-07-10 21:08,1.0004,0,240,0.00
2025-07-10 21:09,1.0003,0,240,0.00
2025-07-10 21:10,1.0004,0,240,0.00
2025-07-10 21:11,1.0004,0,240,0.00
2025-07-10 21:12,1.0005,0,240,0.00
2025-07-10 21:13,1.0004,0,240,0.00
2025-07-10 21:14,1.0003,0,240,0.00
2025-07-10 21:15,1.0004,0,240,0.00
2025-07-10 21:16,1.0003,0,240,0.00
2025-07-10 21:17,1.0004,0,240,0.00
2025-07-10 21:18,1.0004,0,240,0.00
2025-07-10 21:19,1.0004,0,240,0.00
2025-07-10 21:20,1.0003,0,240,0.00
2025-07-10 21:21,1.0005,0,240,0.00
2025-07-10 21:22,1.0003,0,240,0.00
2025-07-10 21:23,1.0004,0,240,0.00
2025-07-10 21:24,1.0003,0,240,0.00
2025-07-10 21:25,1.0003,0,240,0.00
2025-07-10 21:26,1.0004,0,240,0.00
2025-07-10 21:27,1.0005,0,240,0.00
2025-07-10 21:28,1.0004,0,240,0.00
2025-07-10 21:29,1.0004,0,240,0.00
2025-07-10 21:30,1.0004,0,240,0.00
2025-07-10 21:31,1.0003,0,240,0.00
2025-07-10 21:32,1.0003,0,240,0.00
2025-07-10 21:33,1.0005,0,240,0.00
2025-07-10 21:34,1.0004,0,240,0.00
2025-07-10 21:35,1.0005,0,240,0.00
2025-07-10 21:36,1.0004,0,240,0.00
2025-07-10 21:37,1.0003,0,240,0.00
2025-07-10 21:38,1.0005,0,240,0.00
2025-07-10 21:39,1.0005,0,240,0.00
2025-07-10 21:40,1.0004,0,240,0.00
2025-07-10 21:41,1.0003,0,240,0.00
2025-07-10 21:42,1.0004,0,240,0.00
2025-07-10 21:43,1.0004,0,240,0.00
2025-07-10 21:44,1.0003,0,240,0.00
2025-07-10 21:45,1.0005,0,240,0.00
2025-07-10 21:46,1.0005,0,240,0.00
2025-07-10 21:47,1.0004,0,240,0.00
2025-07-10 21:48,1.0004,0,240,0.00
2025-07-10 21:49,1.0003,0,240,0.00
2025-07-10 21:50,1.0003,0,240,0.00
2025-07-10 21:51,1.0004,0,240,0.00
2025-07-10 21:52,1.0004,0,240,0.00
2025-07-10 21:53,1.0004,0,240,0.00
2025-07-10 21:54,1.0004,0,240,0.00
2025-07-10 21:55,1.0004,0,240,0.00
2025-07-10 21:56,1.0005,0,240,0.00
2025-07-10 21:57,1.0003,0,240,0.00
2025-07-10 21:58,1.0004,0,240,0.00
2025-07-10 21:59,1.0004,0,240,0.00
2025-07-10 22:00,1.0004,0,240,0.00
2025-07-10 22:01,1.0004,0,240,0.00
2025-07-10 22:02,1.0005,0,240,0.00
2025-07-10 22:03,1.0004,0,240,0.00
2025-07-10 22:04,1.0004,0,240,0.00
2025-07-10 22:05,1.0004,0,240,0.00
2025-07-10 22:06,1.0005,0,240,0.00
2025-07-10 22:07,1.0005,0,240,0.00
2025-07-10 22:08,1.0004,0,240,0.00
2025-07-10 22:09,1.0005,0,240,0.00
2025-07-10 22:10,1.0005,0,240,0.00
2025-07-10 22:11,1.0006,0,240,0.00
2025-07-10 22:12,1.0005,0,240,0.00
2025-07-10 22:13,1.0004,0,240,0.00
2025-07-10 22:14,1.0004,0,240,0.00
2025-07-10 22:15,1.0004,0,240,0.00
2025-07-10 22:16,1.0004,0,240,0.00
2025-07-10 22:17,1.0005,0,240,0.00
2025-07-10 22:18,1.0004,0,240,0.00
2025-07-10 22:19,1.0004,0,240,0.00
2025-07-10 22:20,1.0004,0,240,0.00
2025-07-10 22:21,1.0005,0,240,0.00
2025-07-10 22:22,1.0005,0,240,0.00
2025-07-10 22:23,1.0004,0,240,0.00
2025-07-10 22:24,1.0004,0,240,0.00
2025-07-10 22:25,1.0004,0,240,0.00
2025-07-10 22:26,1.0004,0,240,0.00
2025-07-10 22:27,1.0005,0,240,0.00
2025-07-10 22:28,1.0005,0,240,0.00
2025-07-10 22:29,1.0005,0,240,0.00
2025-07-10 22:30,1.0005,0,240,0.00
2025-07-10 22:31,1.0004,0,240,0.00
2025-07-10 22:32,1.0005,0,240,0.00
2025-07-10 22:33,1.0005,0,240,0.00
2025-07-10 22:34,1.0006,0,240,0.00
2025-07-10 22:35,1.0004,0,240,0.00
2025-07-10 22:36,1.0005,0,240,0.00
2025-07-10 22:37,1.0004,0,240,0.00
2025-07-10 22:38,1.0005,0,240,0.00
2025-07-10 22:39,1.0005,0,240,0.00
2025-07-10 22:40,1.0004,0,240,0.00
2025-07-10 22:41,1.0004,0,240,0.00
2025-07-10 22:42,1.0004,0,240,0.00
2025-07-10 22:43,1.0004,0,240,0.00
2025-07-10 22:44,1.0005,0,240,0.00
2025-07-10 22:45,1.0005,0,240,0.00
2025-07-10 22:46,1.0005,0,240,0.00
2025-07-10 22:47,1.0005,0,240,0.00
2025-07-10 22:48,1.0005,0,240,0.00
2025-07-10 22:49,1.0005,0,240,0.00
2025-07-10 22:50,1.0005,0,240,0.00
2025-07-10 22:51,1.0005,0,240,0.00
2025-07-10 22:52,1.0005,0,240,0.00
2025-07-10 22:53,1.0005,0,240,0.00
2025-07-10 22:54,1.0005,0,240,0.00
2025-07-10 22:55,1.0003,0,240,0.00
2025-07-10 22:56,1.0005,0,240,0.00
2025-07-10 22:57,1.0004,0,240,0.00
2025-07-10 22:58,1.0004,0,240,0.00
2025-07-10 22:59,1.0004,0,240,0.00
2025-07-10 23:00,1.0004,0,240,0.00
2025-07-10 23:01,1.0004,0,240,0.00
2025-07-10 23:02,1.0004,0,240,0.00
2025-07-10 23:03,1.0004,0,240,0.00
2025-07-10 23:04,1.0005,0,240,0.00
2025-07-10 23:05,1.0005,0,240,0.00
2025-07-10 23:06,1.0005,0,240,0.00
2025-07-10 23:07,1.0005,0,240,0.00
2025-07-10 23:08,1.0005,0,240,0.00
2025-07-10 23:09,1.0005,0,240,0.00
2025-07-10 23:10,1.0007,0,240,0.00
2025-07-10 23:11,1.0006,0,240,0.00
2025-07-10 23:12,1.0007,0,240,0.00
2025-07-10 23:13,1.0005,0,240,0.00
2025-07-10 23:14,1.0005,0,240,0.00
2025-07-10 23:15,1.0004,0,240,0.00
2025-07-10 23:16,1.0005,0,240,0.00
2025-07-10 23:17,1.0006,0,240,0.00
2025-07-10 23:18,1.0005,0,240,0.00
2025-07-10 23:19,1.0005,0,240,0.00
2025-07-10 23:20,1.0005,0,240,0.00
2025-07-10 23:21,1.0005,0,240,0.00
2025-07-10 23:22,1.0004,0,240,0.00
2025-07-10 23:23,1.0004,0,240,0.00
2025-07-10 23:24,1.0005,0,240,0.00
2025-07-10 23:25,1.0005,0,240,0.00
2025-07-10 23:26,1.0004,0,240,0.00
2025-07-10 23:27,1.0004,0,240,0.00
2025-07-10 23:28,1.0004,0,240,0.00
2025-07-10 23:29,1.0005,0,240,0.00
2025-07-10 23:30,1.0005,0,240,0.00
2025-07-10 23:31,1.0005,0,240,0.00
2025-07-10 23:32,1.0005,0,240,0.00
2025-07-10 23:33,1.0005,0,240,0.00
2025-07-10 23:34,1.0004,0,240,0.00
2025-07-10 23:35,1.0005,0,240,0.00
2025-07-10 23:36,1.0005,0,240,0.00
2025-07-10 23:37,1.0005,0,240,0.00
2025-07-10 23:38,1.0005,0,240,0.00
2025-07-10 23:39,1.0004,0,240,0.00
2025-07-10 23:40,1.0004,0,240,0.00
2025-07-10 23:41,1.0004,0,240,0.00
2025-07-10 23:42,1.0003,0,240,0.00
2025-07-10 23:43,1.0004,0,240,0.00
2025-07-10 23:44,1.0005,0,240,0.00
2025-07-10 23:45,1.0005,0,240,0.00
2025-07-10 23:46,1.0005,0,240,0.00
2025-07-10 23:47,1.0004,0,240,0.00
2025-07-10 23:48,1.0004,0,240,0.00
2025-07-10 23:49,1.0005,0,240,0.00
2025-07-10 23:50,1.0005,0,240,0.00
2025-07-10 23:51,1.0006,0,240,0.00
2025-07-10 23:52,1.0005,0,240,0.00
2025-07-10 23:53,1.0004,0,240,0.00
2025-07-10 23:54,1.0006,0,240,0.00
2025-07-10 23:55,1.0005,0,240,0.00
2025-07-10 23:56,1.0006,0,240,0.00
2025-07-10 23:57,1.0006,0,240,0.00
2025-07-10 23:58,1.0006,0,240,0.00
2025-07-10 23:59,1.0005,0,240,0.00
2025-07-11 00:00,1.0005,0,240,0.00
2025-07-11 00:01,1.0005,0,240,0.00
2025-07-11 00:02,1.0005,0,240,0.00
2025-07-11 00:03,1.0006,0,240,0.00
2025-07-11 00:04,1.0006,0,240,0.00
2025-07-11 00:05,1.0006,0,240,0.00
2025-07-11 00:06,1.0006,0,240,0.00
2025-07-11 00:07,1.0007,0,240,0.00
2025-07-11 00:08,1.0006,0,240,0.00
2025-07-11 00:09,1.0006,0,240,0.00
2025-07-11 00:10,1.0006,0,240,0.00
2025-07-11 00:11,1.0006,0,240,0.00
2025-07-11 00:12,1.0006,0,240,0.00
2025-07-11 00:13,1.0007,0,240,0.00
2025-07-11 00:14,1.0007,0,240,0.00
2025-07-11 00:15,1.0007,0,240,0.00
2025-07-11 00:16,1.0006,0,240,0.00
2025-07-11 00:17,1.0007,0,240,0.00
2025-07-11 00:18,1.0007,0,240,0.00
2025-07-11 00:19,1.0006,0,240,0.00
2025-07-11 00:20,1.0005,0,240,0.00
2025-07-11 00:21,1.0005,0,240,0.00
2025-07-11 00:22,1.0005,0,240,0.00
2025-07-11 00:23,1.0005,0,240,0.00
2025-07-11 00:24,1.0005,0,240,0.00
2025-07-11 00:25,1.0006,0,240,0.00
2025-07-11 00:26,1.0006,0,240,0.00
2025-07-11 00:27,1.0007,0,240,0.00
2025-07-11 00:28,1.0008,0,240,0.00
2025-07-11 00:29,1.0008,0,240,0.00
2025-07-11 00:30,1.0007,0,240,0.00
2025-07-11 00:31,1.0006,0,240,0.00
2025-07-11 00:32,1.0007,0,240,0.00
2025-07-11 00:33,1.0006,0,240,0.00
2025-07-11 00:34,1.0006,0,240,0.00
2025-07-11 00:35,1.0005,0,240,0.00
2025-07-11 00:36,1.0006,0,240,0.00
2025-07-11 00:37,1.0006,0,240,0.00
2025-07-11 00:38,1.0005,0,240,0.00
2025-07-11 00:39,1.0007,0,240,0.00
2025-07-11 00:40,1.0007,0,240,0.00
2025-07-11 00:41,1.0005,0,240,0.00
2025-07-11 00:42,1.0005,0,240,0.00
2025-07-11 00:43,1.0005,0,240,0.00
2025-07-11 00:44,1.0006,0,240,0.00
2025-07-11 00:45,1.0006,0,240,0.00
2025-07-11 00:46,1.0005,0,240,0.00
2025-07-11 00:47,1.0006,0,240,0.00
2025-07-11 00:48,1.0006,0,240,0.00
2025-07-11 00:49,1.0005,0,240,0.00
2025-07-11 00:50,1.0005,0,240,0.00
2025-07-11 00:51,1.0006,0,240,0.00
2025-07-11 00:52,1.0006,0,240,0.00
2025-07-11 00:53,1.0006,0,240,0.00
2025-07-11 00:54,1.0006,0,240,0.00
2025-07-11 00:55,1.0006,0,240,0.00
2025-07-11 00:56,1.0006,0,240,0.00
2025-07-11 00:57,1.0006,0,240,0.00
2025-07-11 00:58,1.0006,0,240,0.00
2025-07-11 00:59,1.0005,0,240,0.00
2025-07-11 01:00,1.0005,0,240,0.00
2025-07-11 01:01,1.0006,0,240,0.00
2025-07-11 01:02,1.0007,0,240,0.00
2025-07-11 01:03,1.0005,0,240,0.00
2025-07-11 01:04,1.0005,0,240,0.00
2025-07-11 01:05,1.0004,0,240,0.00
2025-07-11 01:06,1.0004,0,240,0.00
2025-07-11 01:07,1.0004,0,240,0.00
2025-07-11 01:08,1.0005,0,240,0.00
2025-07-11 01:09,1.0004,0,240,0.00
2025-07-11 01:10,1.0004,0,240,0.00
2025-07-11 01:11,1.0004,0,240,0.00
2025-07-11 01:12,1.0004,0,240,0.00
2025-07-11 01:13,1.0004,0,240,0.00
2025-07-11 01:14,1.0004,0,240,0.00
2025-07-11 01:15,1.0004,0,240,0.00
2025-07-11 01:16,1.0005,0,240,0.00
2025-07-11 01:17,1.0005,0,240,0.00
2025-07-11 01:18,1.0004,0,240,0.00
2025-07-11 01:19,1.0003,0,240,0.00
2025-07-11 01:20,1.0004,0,240,0.00
2025-07-11 01:21,1.0005,0,240,0.00
2025-07-11 01:22,1.0005,0,240,0.00
2025-07-11 01:23,1.0004,0,240,0.00
2025-07-11 01:24,1.0004,0,240,0.00
2025-07-11 01:25,1.0005,0,240,0.00
2025-07-11 01:26,1.0005,0,240,0.00
2025-07-11 01:27,1.0005,0,240,0.00
2025-07-11 01:28,1.0004,0,240,0.00
2025-07-11 01:29,1.0004,0,240,0.00
2025-07-11 01:30,1.0005,0,240,0.00
2025-07-11 01:31,1.0004,0,240,0.00
2025-07-11 01:32,1.0004,0,240,0.00
2025-07-11 01:33,1.0003,0,240,0.00
2025-07-11 01:34,1.0004,0,240,0.00
2025-07-11 01:35,1.0004,0,240,0.00
2025-07-11 01:36,1.0003,0,240,0.00
2025-07-11 01:37,1.0004,0,240,0.00
2025-07-11 01:38,1.0003,0,240,0.00
2025-07-11 01:39,1.0003,0,240,0.00
2025-07-11 01:40,1.0004,0,240,0.00
2025-07-11 01:41,1.0003,0,240,0.00
2025-07-11 01:42,1.0003,0,240,0.00
2025-07-11 01:43,1.0003,0,240,0.00
2025-07-11 01:44,1.0003,0,240,0.00
2025-07-11 01:45,1.0003,0,240,0.00
2025-07-11 01:46,1.0003,0,240,0.00
2025-07-11 01:47,1.0003,0,240,0.00
2025-07-11 01:48,1.0003,0,240,0.00
2025-07-11 01:49,1.0003,0,240,0.00
2025-07-11 01:50,1.0001,0,240,0.00
2025-07-11 01:51,1.0002,0,240,0.00
2025-07-11 01:52,1.0002,0,240,0.00
2025-07-11 01:53,1.0002,0,240,0.00
2025-07-11 01:54,1.0002,0,240,0.00
2025-07-11 01:55,1.0002,0,240,0.00
2025-07-11 01:56,1.0002,0,240,0.00
2025-07-11 01:57,1.0002,0,240,0.00
2025-07-11 01:58,1.0003,0,240,0.00
2025-07-11 01:59,1.0002,0,240,0.00
2025-07-11 02:00,1.0002,0,240,0.00
2025-07-11 02:01,1.0002,0,240,0.00
2025-07-11 02:02,1.0001,0,240,0.00
2025-07-11 02:03,1.0001,0,240,0.00
2025-07-11 02:04,1.0002,0,240,0.00
2025-07-11 02:05,1.0002,0,240,0.00
2025-07-11 02:06,1.0003,0,240,0.00
2025-07-11 02:07,1.0000,0,240,0.00
2025-07-11 02:08,1.0001,0,240,0.00
2025-07-11 02:09,1.0000,0,240,0.00
2025-07-11 02:10,1.0000,0,240,0.00
2025-07-11 02:11,1.0000,0,240,0.00
2025-07-11 02:12,1.0000,0,240,0.00
2025-07-11 02:13,1.0000,0,240,0.00
2025-07-11 02:14,1.0001,0,240,0.00
2025-07-11 02:15,1.0001,0,240,0.00
2025-07-11 02:16,1.0001,0,240,0.00
2025-07-11 02:17,1.0001,0,240,0.00
2025-07-11 02:18,1.0001,0,240,0.00
2025-07-11 02:19,1.0000,0,240,0.00
2025-07-11 02:20,1.0001,0,240,0.00
2025-07-11 02:21,1.0001,0,240,0.00
2025-07-11 02:22,1.0001,0,240,0.00
2025-07-11 02:23,1.0001,0,240,0.00
2025-07-11 02:24,1.0002,0,240,0.00
2025-07-11 02:25,1.0000,0,240,0.00
2025-07-11 02:26,1.0001,0,240,0.00
2025-07-11 02:27,1.0001,0,240,0.00
2025-07-11 02:28,1.0001,0,240,0.00
2025-07-11 02:29,1.0001,0,240,0.00
2025-07-11 02:30,1.0001,0,240,0.00
2025-07-11 02:31,1.0001,0,240,0.00
2025-07-11 02:32,1.0000,0,240,0.00
2025-07-11 02:33,1.0001,0,240,0.00
2025-07-11 02:34,1.0001,0,240,0.00
2025-07-11 02:35,1.0001,0,240,0.00
2025-07-11 02:36,1.0001,0,240,0.00
2025-07-11 02:37,1.0000,0,240,0.00
2025-07-11 02:38,1.0001,0,240,0.00
2025-07-11 02:39,1.0000,0,240,0.00
2025-07-11 02:40,1.0000,0,240,0.00
2025-07-11 02:41,1.0000,0,240,0.00
2025-07-11 02:42,1.0001,0,240,0.00
2025-07-11 02:43,1.0000,0,240,0.00
2025-07-11 02:44,1.0000,0,240,0.00
2025-07-11 02:45,1.0000,0,240,0.00
2025-07-11 02:46,1.0001,0,240,0.00
2025-07-11 02:47,1.0001,0,240,0.00
2025-07-11 02:48,1.0001,0,240,0.00
2025-07-11 02:49,1.0002,0,240,0.00
2025-07-11 02:50,1.0001,0,240,0.00
2025-07-11 02:51,1.0001,0,240,0.00
2025-07-11 02:52,1.0001,0,240,0.00
2025-07-11 02:53,1.0001,0,240,0.00
2025-07-11 02:54,1.0001,0,240,0.00
2025-07-11 02:55,1.0001,0,240,0.00
2025-07-11 02:56,1.0001,0,240,0.00
2025-07-11 02:57,1.0002,0,240,0.00
2025-07-11 02:58,1.0001,0,240,0.00
2025-07-11 02:59,1.0001,0,240,0.00
2025-07-11 03:00,1.0001,0,240,0.00
2025-07-11 03:01,1.0001,0,240,0.00
2025-07-11 03:02,1.0002,0,240,0.00
2025-07-11 03:03,1.0001,0,240,0.00
2025-07-11 03:04,1.0002,0,240,0.00
2025-07-11 03:05,1.0002,0,240,0.00
2025-07-11 03:06,1.0001,0,240,0.00
2025-07-11 03:07,1.0001,0,240,0.00
2025-07-11 03:08,1.0001,0,240,0.00
2025-07-11 03:09,1.0001,0,240,0.00
2025-07-11 03:10,1.0001,0,240,0.00
2025-07-11 03:11,1.0001,0,240,0.00
2025-07-11 03:12,1.0002,0,240,0.00
2025-07-11 03:13,1.0001,0,240,0.00
2025-07-11 03:14,1.0001,0,240,0.00
2025-07-11 03:15,1.0001,0,240,0.00
2025-07-11 03:16,1.0001,0,240,0.00
2025-07-11 03:17,1.0001,0,240,0.00
2025-07-11 03:18,1.0002,0,240,0.00
2025-07-11 03:19,1.0001,0,240,0.00
2025-07-11 03:20,1.0002,0,240,0.00
2025-07-11 03:21,1.0001,0,240,0.00
2025-07-11 03:22,1.0001,0,240,0.00
2025-07-11 03:23,1.0002,0,240,0.00
2025-07-11 03:24,1.0001,0,240,0.00
2025-07-11 03:25,1.0002,0,240,0.00
2025-07-11 03:26,1.0003,0,240,0.00
2025-07-11 03:27,1.0002,0,240,0.00
2025-07-11 03:28,1.0002,0,240,0.00
2025-07-11 03:29,1.0002,0,240,0.00
2025-07-11 03:30,1.0002,0,240,0.00
2025-07-11 03:31,1.0002,0,240,0.00
2025-07-11 03:32,1.0001,0,240,0.00
2025-07-11 03:33,1.0002,0,240,0.00
2025-07-11 03:34,1.0002,0,240,0.00
2025-07-11 03:35,1.0002,0,240,0.00
2025-07-11 03:36,1.0002,0,240,0.00
2025-07-11 03:37,1.0002,0,240,0.00
2025-07-11 03:38,1.0001,0,240,0.00
2025-07-11 03:39,1.0002,0,240,0.00
2025-07-11 03:40,1.0002,0,240,0.00
2025-07-11 03:41,1.0001,0,240,0.00
2025-07-11 03:42,1.0002,0,240,0.00
2025-07-11 03:43,1.0002,0,240,0.00
2025-07-11 03:44,1.0001,0,240,0.00
2025-07-11 03:45,1.0001,0,240,0.00
2025-07-11 03:46,1.0001,0,240,0.00
2025-07-11 03:47,1.0002,0,240,0.00
2025-07-11 03:48,1.0001,0,240,0.00
2025-07-11 03:49,1.0001,0,240,0.00
2025-07-11 03:50,1.0001,0,240,0.00
2025-07-11 03:51,1.0002,0,240,0.00
2025-07-11 03:52,1.0002,0,240,0.00
2025-07-11 03:53,1.0001,0,240,0.00
2025-07-11 03:54,1.0001,0,240,0.00
2025-07-11 03:55,1.0001,0,240,0.00
2025-07-11 03:56,1.0001,0,240,0.00
2025-07-11 03:57,1.0001,0,240,0.00
2025-07-11 03:58,1.0001,0,240,0.00
2025-07-11 03:59,1.0001,0,240,0.00
2025-07-11 04:00,1.0001,0,240,0.00
2025-07-11 04:01,1.0001,0,240,0.00
2025-07-11 04:02,1.0001,0,240,0.00
2025-07-11 04:03,1.0001,0,240,0.00
2025-07-11 04:04,1.0001,0,240,0.00
2025-07-11 04:05,1.0001,0,240,0.00
2025-07-11 04:06,1.0002,0,240,0.00
2025-07-11 04:07,1.0002,0,240,0.00
2025-07-11 04:08,1.0002,0,240,0.00
2025-07-11 04:09,1.0002,0,240,0.00
2025-07-11 04:10,1.0002,0,240,0.00
2025-07-11 04:11,1.0001,0,240,0.00
2025-07-11 04:12,1.0001,0,240,0.00
2025-07-11 04:13,1.0001,0,240,0.00
2025-07-11 04:14,1.0001,0,240,0.00
2025-07-11 04:15,1.0002,0,240,0.00
2025-07-11 04:16,1.0001,0,240,0.00
2025-07-11 04:17,1.0001,0,240,0.00
2025-07-11 04:18,1.0002,0,240,0.00
2025-07-11 04:19,1.0001,0,240,0.00
2025-07-11 04:20,1.0001,0,240,0.00
2025-07-11 04:21,1.0001,0,240,0.00
2025-07-11 04:22,1.0001,0,240,0.00
2025-07-11 04:23,1.0001,0,240,0.00
2025-07-11 04:24,1.0001,0,240,0.00
2025-07-11 04:25,1.0001,0,240,0.00
2025-07-11 04:26,1.0001,0,240,0.00
2025-07-11 04:27,1.0001,0,240,0.00
2025-07-11 04:28,1.0001,0,240,0.00
2025-07-11 04:29,1.0001,0,240,0.00
2025-07-11 04:30,1.0000,0,240,0.00
2025-07-11 04:31,1.0001,0,240,0.00
2025-07-11 04:32,1.0001,0,240,0.00
2025-07-11 04:33,1.0000,0,240,0.00
2025-07-11 04:34,1.0001,0,240,0.00
2025-07-11 04:35,1.0001,0,240,0.00
2025-07-11 04:36,1.0001,0,240,0.00
2025-07-11 04:37,1.0001,0,240,0.00
2025-07-11 04:38,1.0000,0,240,0.00
2025-07-11 04:39,1.0000,0,240,0.00
2025-07-11 04:40,1.0000,0,240,0.00
2025-07-11 04:41,1.0001,0,240,0.00
2025-07-11 04:42,1.0002,0,240,0.00
2025-07-11 04:43,1.0001,0,240,0.00
2025-07-11 04:44,1.0001,0,240,0.00
2025-07-11 04:45,1.0001,0,240,0.00
2025-07-11 04:46,1.0001,0,240,0.00
2025-07-11 04:47,1.0001,0,240,0.00
2025-07-11 04:48,1.0001,0,240,0.00
2025-07-11 04:49,1.0000,0,240,0.00
2025-07-11 04:50,1.0001,0,240,0.00
2025-07-11 04:51,1.0001,0,240,0.00
2025-07-11 04:52,1.0001,0,240,0.00
2025-07-11 04:53,1.0001,0,240,0.00
2025-07-11 04:54,1.0001,0,240,0.00
2025-07-11 04:55,1.0000,0,240,0.00
2025-07-11 04:56,1.0001,0,240,0.00
2025-07-11 04:57,1.0001,0,240,0.00
2025-07-11 04:58,1.0000,0,240,0.00
2025-07-11 04:59,1.0001,0,240,0.00
2025-07-11 05:00,1.0000,0,240,0.00
2025-07-11 05:01,1.0001,0,240,0.00
2025-07-11 05:02,1.0001,0,240,0.00
2025-07-11 05:03,1.0000,0,240,0.00
2025-07-11 05:04,1.0000,0,240,0.00
2025-07-11 05:05,1.0001,0,240,0.00
2025-07-11 05:06,1.0001,0,240,0.00
2025-07-11 05:07,1.0000,0,240,0.00
2025-07-11 05:08,1.0001,0,240,0.00
2025-07-11 05:09,1.0000,0,240,0.00
2025-07-11 05:10,1.0001,0,240,0.00
2025-07-11 05:11,1.0001,0,240,0.00
2025-07-11 05:12,1.0001,0,240,0.00
2025-07-11 05:13,1.0001,0,240,0.00
2025-07-11 05:14,1.0002,0,240,0.00
2025-07-11 05:15,1.0001,0,240,0.00
2025-07-11 05:16,1.0001,0,240,0.00
2025-07-11 05:17,1.0000,0,240,0.00
2025-07-11 05:18,1.0001,0,240,0.00
2025-07-11 05:19,1.0002,0,240,0.00
2025-07-11 05:20,1.0000,0,240,0.00
2025-07-11 05:21,1.0000,0,240,0.00
2025-07-11 05:22,1.0001,0,240,0.00
2025-07-11 05:23,1.0002,0,240,0.00
2025-07-11 05:24,1.0002,0,240,0.00
2025-07-11 05:25,1.0001,0,240,0.00
2025-07-11 05:26,1.0001,0,240,0.00
2025-07-11 05:27,1.0001,0,240,0.00
2025-07-11 05:28,1.0001,0,240,0.00
2025-07-11 05:29,1.0001,0,240,0.00
2025-07-11 05:30,1.0001,0,240,0.00
2025-07-11 05:31,1.0001,0,240,0.00
2025-07-11 05:32,1.0001,0,240,0.00
2025-07-11 05:33,1.0001,0,240,0.00
2025-07-11 05:34,1.0001,0,240,0.00
2025-07-11 05:35,1.0001,0,240,0.00
2025-07-11 05:36,1.0002,0,240,0.00
2025-07-11 05:37,1.0001,0,240,0.00
2025-07-11 05:38,1.0002,0,240,0.00
2025-07-11 05:39,1.0001,0,240,0.00
2025-07-11 05:40,1.0002,0,240,0.00
2025-07-11 05:41,1.0001,0,240,0.00
2025-07-11 05:42,1.0001,0,240,0.00
2025-07-11 05:43,1.0002,0,240,0.00
2025-07-11 05:44,1.0001,0,240,0.00
2025-07-11 05:45,1.0002,0,240,0.00
2025-07-11 05:46,1.0001,0,240,0.00
2025-07-11 05:47,1.0002,0,240,0.00
2025-07-11 05:48,1.0002,0,240,0.00
2025-07-11 05:49,1.0002,0,240,0.00
2025-07-11 05:50,1.0002,0,240,0.00
2025-07-11 05:51,1.0001,0,240,0.00
2025-07-11 05:52,1.0002,0,240,0.00
2025-07-11 05:53,1.0002,0,240,0.00
2025-07-11 05:54,1.0002,0,240,0.00
2025-07-11 05:55,1.0002,0,240,0.00
2025-07-11 05:56,1.0002,0,240,0.00
2025-07-11 05:57,1.0002,0,240,0.00
2025-07-11 05:58,1.0001,0,240,0.00
2025-07-11 05:59,1.0002,0,240,0.00
2025-07-11 06:00,1.0001,0,240,0.00
2025-07-11 06:01,1.0001,0,240,0.00
2025-07-11 06:02,1.0002,0,240,0.00
2025-07-11 06:03,1.0002,0,240,0.00
2025-07-11 06:04,1.0001,0,240,0.00
2025-07-11 06:05,1.0001,0,240,0.00
2025-07-11 06:06,1.0001,0,240,0.00
2025-07-11 06:07,1.0002,0,240,0.00
2025-07-11 06:08,1.0002,0,240,0.00
2025-07-11 06:09,1.0002,0,240,0.00
2025-07-11 06:10,1.0001,0,240,0.00
2025-07-11 06:11,1.0002,0,240,0.00
2025-07-11 06:12,1.0002,0,240,0.00
2025-07-11 06:13,1.0002,0,240,0.00
2025-07-11 06:14,1.0002,0,240,0.00
2025-07-11 06:15,1.0002,0,240,0.00
2025-07-11 06:16,1.0002,0,240,0.00
2025-07-11 06:17,1.0002,0,240,0.00
2025-07-11 06:18,1.0001,0,240,0.00
2025-07-11 06:19,1.0002,0,240,0.00
2025-07-11 06:20,1.0002,0,240,0.00
2025-07-11 06:21,1.0002,0,240,0.00
2025-07-11 06:22,1.0002,0,240,0.00
2025-07-11 06:23,1.0002,0,240,0.00
2025-07-11 06:24,1.0002,0,240,0.00
2025-07-11 06:25,1.0002,0,240,0.00
2025-07-11 06:26,1.0002,0,240,0.00
2025-07-11 06:27,1.0002,0,240,0.00
2025-07-11 06:28,1.0001,0,240,0.00
2025-07-11 06:29,1.0002,0,240,0.00
2025-07-11 06:30,1.0002,0,240,0.00
2025-07-11 06:31,1.0002,0,240,0.00
2025-07-11 06:32,1.0002,0,240,0.00
2025-07-11 06:33,1.0002,0,240,0.00
2025-07-11 06:34,1.0002,0,240,0.00
2025-07-11 06:35,1.0002,0,240,0.00
2025-07-11 06:36,1.0002,0,240,0.00
2025-07-11 06:37,1.0002,0,240,0.00
2025-07-11 06:38,1.0001,0,240,0.00
2025-07-11 06:39,1.0002,0,240,0.00
2025-07-11 06:40,1.0002,0,240,0.00
2025-07-11 06:41,1.0002,0,240,0.00
2025-07-11 06:42,1.0002,0,240,0.00
2025-07-11 06:43,1.0002,0,240,0.00
2025-07-11 06:44,1.0002,0,240,0.00
2025-07-11 06:45,1.0002,0,240,0.00
2025-07-11 06:46,1.0002,0,240,0.00
2025-07-11 06:47,1.0002,0,240,0.00
2025-07-11 06:48,1.0002,0,240,0.00
2025-07-11 06:49,1.0002,0,240,0.00
2025-07-11 06:50,1.0002,0,240,0.00
2025-07-11 06:51,1.0002,0,240,0.00
2025-07-11 06:52,1.0002,0,240,0.00
2025-07-11 06:53,1.0002,0,240,0.00
2025-07-11 06:54,1.0002,0,240,0.00
2025-07-11 06:55,1.0002,0,240,0.00
2025-07-11 06:56,1.0002,0,240,0.00
2025-07-11 06:57,1.0002,0,240,0.00
2025-07-11 06:58,1.0002,0,240,0.00
2025-07-11 06:59,1.0002,0,240,0.00
2025-07-11 07:00,1.0002,0,240,0.00
2025-07-11 07:01,1.0002,0,240,0.00
2025-07-11 07:02,1.0002,0,240,0.00
2025-07-11 07:03,1.0002,0,240,0.00
2025-07-11 07:04,1.0002,0,240,0.00
2025-07-11 07:05,1.0002,0,240,0.00
2025-07-11 07:06,1.0003,0,240,0.00
2025-07-11 07:07,1.0001,0,240,0.00
2025-07-11 07:08,1.0002,0,240,0.00
2025-07-11 07:09,1.0002,0,240,0.00
2025-07-11 07:10,1.0002,0,240,0.00
2025-07-11 07:11,1.0002,0,240,0.00
2025-07-11 07:12,1.0002,0,240,0.00
2025-07-11 07:13,1.0002,0,240,0.00
2025-07-11 07:14,1.0002,0,240,0.00
2025-07-11 07:15,1.0002,0,240,0.00
2025-07-11 07:16,1.0002,0,240,0.00
2025-07-11 07:17,1.0002,0,240,0.00
2025-07-11 07:18,1.0002,0,240,0.00
2025-07-11 07:19,1.0002,0,240,0.00
2025-07-11 07:20,1.0002,0,240,0.00
2025-07-11 07:21,1.0002,0,240,0.00
2025-07-11 07:22,1.0002,0,240,0.00
2025-07-11 07:23,1.0002,0,240,0.00
2025-07-11 07:24,1.0002,0,240,0.00
2025-07-11 07:25,1.0002,0,240,0.00
2025-07-11 07:26,1.0002,0,240,0.00
2025-07-11 07:27,1.0002,0,240,0.00
2025-07-11 07:28,1.0003,0,240,0.00
2025-07-11 07:29,1.0002,0,240,0.00
2025-07-11 07:30,1.0002,0,240,0.00
2025-07-11 07:31,1.0002,0,240,0.00
2025-07-11 07:32,1.0001,0,240,0.00
2025-07-11 07:33,1.0002,0,240,0.00
2025-07-11 07:34,1.0002,0,240,0.00
2025-07-11 07:35,1.0002,0,240,0.00
2025-07-11 07:36,1.0003,0,240,0.00
2025-07-11 07:37,1.0002,0,240,0.00
2025-07-11 07:38,1.0002,0,240,0.00
2025-07-11 07:39,1.0002,0,240,0.00
2025-07-11 07:40,1.0002,0,240,0.00
2025-07-11 07:41,1.0003,0,240,0.00
2025-07-11 07:42,1.0002,0,240,0.00
2025-07-11 07:43,1.0003,0,240,0.00
2025-07-11 07:44,1.0002,0,240,0.00
2025-07-11 07:45,1.0002,0,240,0.00
2025-07-11 07:46,1.0001,0,240,0.00
2025-07-11 07:47,1.0002,0,240,0.00
2025-07-11 07:48,1.0002,0,240,0.00
2025-07-11 07:49,1.0001,0,240,0.00
2025-07-11 07:50,1.0003,0,240,0.00
2025-07-11 07:51,1.0001,0,240,0.00
2025-07-11 07:52,1.0002,0,240,0.00
2025-07-11 07:53,1.0002,0,240,0.00
2025-07-11 07:54,1.0001,0,240,0.00
2025-07-11 07:55,1.0002,0,240,0.00
2025-07-11 07:56,1.0002,0,240,0.00
2025-07-11 07:57,1.0001,0,240,0.00
2025-07-11 07:58,1.0002,0,240,0.00
2025-07-11 07:59,1.0001,0,240,0.00
2025-07-11 08:00,1.0002,0,240,0.00
2025-07-11 08:01,1.0002,0,240,0.00
2025-07-11 08:02,1.0001,0,240,0.00
2025-07-11 08:03,1.0002,0,240,0.00
2025-07-11 08:04,1.0002,0,240,0.00
2025-07-11 08:05,1.0002,0,240,0.00
2025-07-11 08:06,1.0002,0,240,0.00
2025-07-11 08:07,1.0002,0,240,0.00
2025-07-11 08:08,1.0002,0,240,0.00
2025-07-11 08:09,1.0002,0,240,0.00
2025-07-11 08:10,1.0002,0,240,0.00
2025-07-11 08:11,1.0002,0,240,0.00
2025-07-11 08:12,1.0001,0,240,0.00
2025-07-11 08:13,1.0001,0,240,0.00
2025-07-11 08:14,1.0001,0,240,0.00
2025-07-11 08:15,1.0001,0,240,0.00
2025-07-11 08:16,1.0002,0,240,0.00
2025-07-11 08:17,1.0001,0,240,0.00
2025-07-11 08:18,1.0002,0,240,0.00
2025-07-11 08:19,1.0001,0,240,0.00
2025-07-11 08:20,1.0001,0,240,0.00
2025-07-11 08:21,1.0002,0,240,0.00
2025-07-11 08:22,1.0001,0,240,0.00
2025-07-11 08:23,1.0001,0,240,0.00
2025-07-11 08:24,1.0002,0,240,0.00
2025-07-11 08:25,1.0002,0,240,0.00
2025-07-11 08:26,1.0002,0,240,0.00
2025-07-11 08:27,1.0002,0,240,0.00
2025-07-11 08:28,1.0002,0,240,0.00
2025-07-11 08:29,1.0002,0,240,0.00
2025-07-11 08:30,1.0002,0,240,0.00
2025-07-11 08:31,1.0002,0,240,0.00
2025-07-11 08:32,1.0002,0,240,0.00
2025-07-11 08:33,1.0001,0,240,0.00
2025-07-11 08:34,1.0001,0,240,0.00
2025-07-11 08:35,1.0002,0,240,0.00
2025-07-11 08:36,1.0002,0,240,0.00
2025-07-11 08:37,1.0002,0,240,0.00
2025-07-11 08:38,1.0001,0,240,0.00
2025-07-11 08:39,1.0002,0,240,0.00
2025-07-11 08:40,1.0002,0,240,0.00
2025-07-11 08:41,1.0002,0,240,0.00
2025-07-11 08:42,1.0002,0,240,0.00
2025-07-11 08:43,1.0002,0,240,0.00
2025-07-11 08:44,1.0001,0,240,0.00
2025-07-11 08:45,1.0001,0,240,0.00
2025-07-11 08:46,1.0001,0,240,0.00
2025-07-11 08:47,1.0002,0,240,0.00
2025-07-11 08:48,1.0002,0,240,0.00
2025-07-11 08:49,1.0002,0,240,0.00
2025-07-11 08:50,1.0001,0,240,0.00
2025-07-11 08:51,1.0002,0,240,0.00
2025-07-11 08:52,1.0001,0,240,0.00
2025-07-11 08:53,1.0002,0,240,0.00
2025-07-11 08:54,1.0001,0,240,0.00
2025-07-11 08:55,1.0001,0,240,0.00
2025-07-11 08:56,1.0002,0,240,0.00
2025-07-11 08:57,1.0002,0,240,0.00
2025-07-11 08:58,1.0002,0,240,0.00
2025-07-11 08:59,1.0002,0,240,0.00
2025-07-11 09:00,1.0002,0,240,0.00
2025-07-11 09:01,1.0002,0,240,0.00
2025-07-11 09:02,1.0002,0,240,0.00
2025-07-11 09:03,1.0002,0,240,0.00
2025-07-11 09:04,1.0002,0,240,0.00
2025-07-11 09:05,1.0002,0,240,0.00
2025-07-11 09:06,1.0001,0,240,0.00
2025-07-11 09:07,1.0002,0,240,0.00
2025-07-11 09:08,1.0002,0,240,0.00
2025-07-11 09:09,1.0002,0,240,0.00
2025-07-11 09:10,1.0002,0,240,0.00
2025-07-11 09:11,1.0003,0,240,0.00
2025-07-11 09:12,1.0003,0,240,0.00
2025-07-11 09:13,1.0003,0,240,0.00
2025-07-11 09:14,1.0003,0,240,0.00
2025-07-11 09:15,1.0003,0,240,0.00
2025-07-11 09:16,1.0003,0,240,0.00
2025-07-11 09:17,1.0002,0,240,0.00
2025-07-11 09:18,1.0003,0,240,0.00
2025-07-11 09:19,1.0002,0,240,0.00
2025-07-11 09:20,1.0003,0,240,0.00
2025-07-11 09:21,1.0002,0,240,0.00
2025-07-11 09:22,1.0002,0,240,0.00
2025-07-11 09:23,1.0002,0,240,0.00
2025-07-11 09:24,1.0002,0,240,0.00
2025-07-11 09:25,1.0002,0,240,0.00
2025-07-11 09:26,1.0001,0,240,0.00
2025-07-11 09:27,1.0001,0,240,0.00
2025-07-11 09:28,1.0002,0,240,0.00
2025-07-11 09:29,1.0002,0,240,0.00
2025-07-11 09:30,1.0002,0,240,0.00
2025-07-11 09:31,1.0003,0,240,0.00
2025-07-11 09:32,1.0002,0,240,0.00
2025-07-11 09:33,1.0003,0,240,0.00
2025-07-11 09:34,1.0002,0,240,0.00
2025-07-11 09:35,1.0001,0,240,0.00
2025-07-11 09:36,1.0001,0,240,0.00
2025-07-11 09:37,1.0002,0,240,0.00
2025-07-11 09:38,1.0002,0,240,0.00
2025-07-11 09:39,1.0003,0,240,0.00
2025-07-11 09:40,1.0003,0,240,0.00
2025-07-11 09:41,1.0003,0,240,0.00
2025-07-11 09:42,1.0002,0,240,0.00
2025-07-11 09:43,1.0002,0,240,0.00
2025-07-11 09:44,1.0001,0,240,0.00
2025-07-11 09:45,1.0003,0,240,0.00
2025-07-11 09:46,1.0002,0,240,0.00
2025-07-11 09:47,1.0002,0,240,0.00
2025-07-11 09:48,1.0002,0,240,0.00
2025-07-11 09:49,1.0003,0,240,0.00
2025-07-11 09:50,1.0003,0,240,0.00
2025-07-11 09:51,1.0003,0,240,0.00
2025-07-11 09:52,1.0003,0,240,0.00
2025-07-11 09:53,1.0003,0,240,0.00
2025-07-11 09:54,1.0003,0,240,0.00
2025-07-11 09:55,1.0003,0,240,0.00
2025-07-11 09:56,1.0002,0,240,0.00
2025-07-11 09:57,1.0003,0,240,0.00
2025-07-11 09:58,1.0003,0,240,0.00
2025-07-11 09:59,1.0003,0,240,0.00
2025-07-11 10:00,1.0003,0,240,0.00
2025-07-11 10:01,1.0003,0,240,0.00
2025-07-11 10:02,1.0003,0,240,0.00
2025-07-11 10:03,1.0003,0,240,0.00
2025-07-11 10:04,1.0003,0,240,0.00
2025-07-11 10:05,1.0004,0,240,0.00
2025-07-11 10:06,1.0002,0,240,0.00
2025-07-11 10:07,1.0002,0,240,0.00
2025-07-11 10:08,1.0003,0,240,0.00
2025-07-11 10:09,1.0003,0,240,0.00
2025-07-11 10:10,1.0003,0,240,0.00
2025-07-11 10:11,1.0003,0,240,0.00
2025-07-11 10:12,1.0003,0,240,0.00
2025-07-11 10:13,1.0002,0,240,0.00
2025-07-11 10:14,1.0003,0,240,0.00
2025-07-11 10:15,1.0002,0,240,0.00
2025-07-11 10:16,1.0003,0,240,0.00
2025-07-11 10:17,1.0003,0,240,0.00
2025-07-11 10:18,1.0002,0,240,0.00
2025-07-11 10:19,1.0003,0,240,0.00
2025-07-11 10:20,1.0002,0,240,0.00
2025-07-11 10:21,1.0002,0,240,0.00
2025-07-11 10:22,1.0002,0,240,0.00
2025-07-11 10:23,1.0003,0,240,0.00
2025-07-11 10:24,1.0002,0,240,0.00
2025-07-11 10:25,1.0003,0,240,0.00
2025-07-11 10:26,1.0002,0,240,0.00
2025-07-11 10:27,1.0002,0,240,0.00
2025-07-11 10:28,1.0003,0,240,0.00
2025-07-11 10:29,1.0003,0,240,0.00
2025-07-11 10:30,1.0003,0,240,0.00
2025-07-11 10:31,1.0003,0,240,0.00
2025-07-11 10:32,1.0003,0,240,0.00
2025-07-11 10:33,1.0002,0,240,0.00
2025-07-11 10:34,1.0003,0,240,0.00
2025-07-11 10:35,1.0003,0,240,0.00
2025-07-11 10:36,1.0003,0,240,0.00
2025-07-11 10:37,1.0003,0,240,0.00
2025-07-11 10:38,1.0003,0,240,0.00
2025-07-11 10:39,1.0003,0,240,0.00
2025-07-11 10:40,1.0003,0,240,0.00
2025-07-11 10:41,1.0003,0,240,0.00
2025-07-11 10:42,1.0002,0,240,0.00
2025-07-11 10:43,1.0003,0,240,0.00
2025-07-11 10:44,1.0003,0,240,0.00
2025-07-11 10:45,1.0003,0,240,0.00